1,Bulbasaur,1.png,Poison/Grass
10,Caterpie,10.png,Bug
100,Voltorb,100.png,Electric
101,Electrode,101.png,Electric
102,Exeggcute,102.png,Psychic/Grass
103,Exeggutor,103.png,Dragon/Psychic/Grass
104,Cubone,104.png,Ground
105,Marowak,105.png,Ghost/Fire/Ground
106,Hitmonlee,106.png,Fighting
107,Hitmonchan,107.png,Fighting
108,Lickitung,108.png,Normal
109,Koffing,109.png,Poison
11,Metapod,11.png,Bug
110,Weezing,110.png,Poison/Fairy
111,Rhyhorn,111.png,Rock/Ground
112,Rhydon,112.png,Rock/Ground
113,Chansey,113.png,Normal
114,Tangela,114.png,Grass
115,Kangaskhan,115-mega.png,Normal
115,Kangaskhan,115.png,Normal
116,Horsea,116.png,Water
117,Seadra,117.png,Water
118,Goldeen,118.png,Water
119,Seaking,119.png,Water
12,Butterfree,12.png,Flying/Bug
120,Staryu,120.png,Water
121,Starmie,121.png,Psychic/Water
122,Mr. Mime,122.png,Ice/Psychic/Fairy
123,Scyther,123.png,Flying/Bug
124,Jynx,124.png,Ice/Psychic
125,Electabuzz,125.png,Electric
126,Magmar,126.png,Fire
127,Pinsir,127-mega.png,Bug
127,Pinsir,127.png,Bug
128,Tauros,128.png,Normal
129,Magikarp,129.png,Water
13,Weedle,13.png,Poison/Bug
130,Gyarados,130-mega.png,Flying/Water
130,Gyarados,130.png,Flying/Water
131,Lapras,131.png,Ice/Water
132,Ditto,132.png,Normal
133,Eevee,133.png,Normal
134,Vaporeon,134.png,Water
135,Jolteon,135.png,Electric
136,Flareon,136.png,Fire
137,Porygon,137.png,Normal
138,Omanyte,138.png,Rock/Water
139,Omastar,139.png,Rock/Water
14,Kakuna,14.png,Poison/Bug
140,Kabuto,140.png,Rock/Water
141,Kabutops,141.png,Rock/Water
142,Aerodactyl,142-mega.png,Flying/Rock
142,Aerodactyl,142.png,Flying/Rock
143,Snorlax,143.png,Normal
144,Articuno,144.png,Ice/Flying/Psychic
145,Zapdos,145.png,Flying/Fighting/Electric
146,Moltres,146.png,Flying/Dark/Fire
147,Dratini,147.png,Dragon
148,Dragonair,148.png,Dragon
149,Dragonite,149.png,Flying/Dragon
15,Beedrill,15-mega.png,Poison/Bug
15,Beedrill,15.png,Poison/Bug
150,Mewtwo,150-mega-x.png,Psychic
150,Mewtwo,150-mega-y.png,Psychic
150,Mewtwo,150.png,Psychic
151,Mew,151.png,Psychic
152,Chikorita,152.png,Grass
153,Bayleef,153.png,Grass
154,Meganium,154.png,Grass
155,Cyndaquil,155.png,Fire
156,Quilava,156.png,Fire
157,Typhlosion,157.png,Fire
158,Totodile,158.png,Water
159,Croconaw,159.png,Water
16,Pidgey,16.png,Flying/Normal
160,Feraligatr,160.png,Water
161,Sentret,161.png,Normal
162,Furret,162.png,Normal
163,Hoothoot,163.png,Flying/Normal
164,Noctowl,164.png,Flying/Normal
165,Ledyba,165.png,Flying/Bug
166,Ledian,166.png,Flying/Bug
167,Spinarak,167.png,Poison/Bug
168,Ariados,168.png,Poison/Bug
169,Crobat,169.png,Poison/Flying
17,Pidgeotto,17.png,Flying/Normal
170,Chinchou,170.png,Water/Electric
171,Lanturn,171.png,Water/Electric
172,Pichu,172.png,Electric
173,Cleffa,173.png,Fairy
174,Igglybuff,174.png,Normal/Fairy
175,Togepi,175.png,Fairy
176,Togetic,176.png,Flying/Fairy
177,Natu,177.png,Flying/Psychic
178,Xatu,178.png,Flying/Psychic
179,Mareep,179.png,Electric
18,Pidgeot,18-mega.png,Flying/Normal
18,Pidgeot,18.png,Flying/Normal
180,Flaaffy,180.png,Electric
181,Ampharos,181-mega.png,Electric
181,Ampharos,181.png,Electric
182,Bellossom,182.png,Grass
183,Marill,183.png,Fairy/Water
184,Azumarill,184.png,Fairy/Water
185,Sudowoodo,185.png,Rock
186,Politoed,186.png,Water
187,Hoppip,187.png,Flying/Grass
188,Skiploom,188.png,Flying/Grass
189,Jumpluff,189.png,Flying/Grass
19,Rattata,19.png,Dark/Normal
190,Aipom,190.png,Normal
191,Sunkern,191.png,Grass
192,Sunflora,192.png,Grass
193,Yanma,193.png,Flying/Bug
194,Wooper,194.png,Water/Ground
195,Quagsire,195.png,Water/Ground
196,Espeon,196.png,Psychic
197,Umbreon,197.png,Dark
198,Murkrow,198.png,Flying/Dark
199,Slowking,199.png,Psychic/Water
2,Ivysaur,2.png,Poison/Grass
20,Raticate,20.png,Dark/Normal
200,Misdreavus,200.png,Ghost
201,Unown,201-a.png,Psychic
201,Unown,201-b.png,Psychic
201,Unown,201-c.png,Psychic
201,Unown,201-d.png,Psychic
201,Unown,201-e.png,Psychic
201,Unown,201-exclamation.png,Psychic
201,Unown,201-f.png,Psychic
201,Unown,201-g.png,Psychic
201,Unown,201-h.png,Psychic
201,Unown,201-i.png,Psychic
201,Unown,201-j.png,Psychic
201,Unown,201-k.png,Psychic
201,Unown,201-l.png,Psychic
201,Unown,201-m.png,Psychic
201,Unown,201-n.png,Psychic
201,Unown,201-o.png,Psychic
201,Unown,201-p.png,Psychic
201,Unown,201-q.png,Psychic
201,Unown,201-question.png,Psychic
201,Unown,201-r.png,Psychic
201,Unown,201-s.png,Psychic
201,Unown,201-t.png,Psychic
201,Unown,201-u.png,Psychic
201,Unown,201-v.png,Psychic
201,Unown,201-w.png,Psychic
201,Unown,201-x.png,Psychic
201,Unown,201-y.png,Psychic
201,Unown,201-z.png,Psychic
201,Unown,201.png,Psychic
202,Wobbuffet,202.png,Psychic
203,Girafarig,203.png,Psychic/Normal
204,Pineco,204.png,Bug
205,Forretress,205.png,Bug/Steel
206,Dunsparce,206.png,Normal
207,Gligar,207.png,Flying/Ground
208,Steelix,208-mega.png,Steel/Ground
208,Steelix,208.png,Steel/Ground
209,Snubbull,209.png,Fairy
21,Spearow,21.png,Flying/Normal
210,Granbull,210.png,Fairy
211,Qwilfish,211.png,Poison/Water
212,Scizor,212-mega.png,Bug/Steel
212,Scizor,212.png,Bug/Steel
213,Shuckle,213.png,Rock/Bug
214,Heracross,214-mega.png,Bug/Fighting
214,Heracross,214.png,Bug/Fighting
215,Sneasel,215.png,Ice/Dark
216,Teddiursa,216.png,Normal
217,Ursaring,217.png,Normal
218,Slugma,218.png,Fire
219,Magcargo,219.png,Rock/Fire
22,Fearow,22.png,Flying/Normal
220,Swinub,220.png,Ice/Ground
221,Piloswine,221.png,Ice/Ground
222,Corsola,222.png,Rock/Ghost/Water
223,Remoraid,223.png,Water
224,Octillery,224.png,Water
225,Delibird,225.png,Ice/Flying
226,Mantine,226.png,Flying/Water
227,Skarmory,227.png,Flying/Steel
228,Houndour,228.png,Dark/Fire
229,Houndoom,229-mega.png,Dark/Fire
229,Houndoom,229.png,Dark/Fire
23,Ekans,23.png,Poison
230,Kingdra,230.png,Dragon/Water
231,Phanpy,231.png,Ground
232,Donphan,232.png,Ground
233,Porygon2,233.png,Normal
234,Stantler,234.png,Normal
235,Smeargle,235.png,Normal
236,Tyrogue,236.png,Fighting
237,Hitmontop,237.png,Fighting
238,Smoochum,238.png,Ice/Psychic
239,Elekid,239.png,Electric
24,Arbok,24.png,Poison
240,Magby,240.png,Fire
241,Miltank,241.png,Normal
242,Blissey,242.png,Normal
243,Raikou,243.png,Electric
244,Entei,244.png,Fire
245,Suicune,245.png,Water
246,Larvitar,246.png,Rock/Ground
247,Pupitar,247.png,Rock/Ground
248,Tyranitar,248-mega.png,Rock/Dark
248,Tyranitar,248.png,Rock/Dark
249,Lugia,249.png,Flying/Psychic
25,Pikachu,25.png,Electric
250,Ho-Oh,250.png,Flying/Fire
251,Celebi,251.png,Psychic/Grass
252,Treecko,252.png,Grass
253,Grovyle,253.png,Grass
254,Sceptile,254-mega.png,Grass
254,Sceptile,254.png,Grass
255,Torchic,255.png,Fire
256,Combusken,256.png,Fire/Fighting
257,Blaziken,257-mega.png,Fire/Fighting
257,Blaziken,257.png,Fire/Fighting
258,Mudkip,258.png,Water
259,Marshtomp,259.png,Water/Ground
26,Raichu,26.png,Psychic/Electric
260,Swampert,260-mega.png,Water/Ground
260,Swampert,260.png,Water/Ground
261,Poochyena,261.png,Dark
262,Mightyena,262.png,Dark
263,Zigzagoon,263.png,Dark/Normal
264,Linoone,264.png,Dark/Normal
265,Wurmple,265.png,Bug
266,Silcoon,266.png,Bug
267,Beautifly,267.png,Flying/Bug
268,Cascoon,268.png,Bug
269,Dustox,269.png,Poison/Bug
27,Sandshrew,27.png,Ice/Steel/Ground
270,Lotad,270.png,Water/Grass
271,Lombre,271.png,Water/Grass
272,Ludicolo,272.png,Water/Grass
273,Seedot,273.png,Grass
274,Nuzleaf,274.png,Dark/Grass
275,Shiftry,275.png,Dark/Grass
276,Taillow,276.png,Flying/Normal
277,Swellow,277.png,Flying/Normal
278,Wingull,278.png,Flying/Water
279,Pelipper,279.png,Flying/Water
28,Sandslash,28.png,Ice/Steel/Ground
280,Ralts,280.png,Psychic/Fairy
281,Kirlia,281.png,Psychic/Fairy
282,Gardevoir,282-mega.png,Psychic/Fairy
282,Gardevoir,282.png,Psychic/Fairy
283,Surskit,283.png,Bug/Water
284,Masquerain,284.png,Flying/Bug
285,Shroomish,285.png,Grass
286,Breloom,286.png,Fighting/Grass
287,Slakoth,287.png,Normal
288,Vigoroth,288.png,Normal
289,Slaking,289.png,Normal
29,Nidoranâ™€,29.png,Poison
290,Nincada,290.png,Bug/Ground
291,Ninjask,291.png,Flying/Bug
292,Shedinja,292.png,Ghost/Bug
293,Whismur,293.png,Normal
294,Loudred,294.png,Normal
295,Exploud,295.png,Normal
296,Makuhita,296.png,Fighting
297,Hariyama,297.png,Fighting
298,Azurill,298.png,Normal/Fairy
299,Nosepass,299.png,Rock
3,Venusaur,3-mega.png,Poison/Grass
3,Venusaur,3.png,Poison/Grass
30,Nidorina,30.png,Poison
300,Skitty,300.png,Normal
301,Delcatty,301.png,Normal
302,Sableye,302-mega.png,Ghost/Dark
302,Sableye,302.png,Ghost/Dark
303,Mawile,303-mega.png,Steel/Fairy
303,Mawile,303.png,Steel/Fairy
304,Aron,304.png,Rock/Steel
305,Lairon,305.png,Rock/Steel
306,Aggron,306-mega.png,Rock/Steel
306,Aggron,306.png,Rock/Steel
307,Meditite,307.png,Psychic/Fighting
308,Medicham,308-mega.png,Psychic/Fighting
308,Medicham,308.png,Psychic/Fighting
309,Electrike,309.png,Electric
31,Nidoqueen,31.png,Poison/Ground
310,Manectric,310-mega.png,Electric
310,Manectric,310.png,Electric
311,Plusle,311.png,Electric
312,Minun,312.png,Electric
313,Volbeat,313.png,Bug
314,Illumise,314.png,Bug
315,Roselia,315.png,Poison/Grass
316,Gulpin,316.png,Poison
317,Swalot,317.png,Poison
318,Carvanha,318.png,Dark/Water
319,Sharpedo,319-mega.png,Dark/Water
319,Sharpedo,319.png,Dark/Water
32,Nidoranâ™‚,32.png,Poison
320,Wailmer,320.png,Water
321,Wailord,321.png,Water
322,Numel,322.png,Fire/Ground
323,Camerupt,323-mega.png,Fire/Ground
323,Camerupt,323.png,Fire/Ground
324,Torkoal,324.png,Fire
325,Spoink,325.png,Psychic
326,Grumpig,326.png,Psychic
327,Spinda,327.png,Normal
328,Trapinch,328.png,Ground
329,Vibrava,329.png,Dragon/Ground
33,Nidorino,33.png,Poison
330,Flygon,330.png,Dragon/Ground
331,Cacnea,331.png,Grass
332,Cacturne,332.png,Dark/Grass
333,Swablu,333.png,Flying/Normal
334,Altaria,334-mega.png,Flying/Dragon
334,Altaria,334.png,Flying/Dragon
335,Zangoose,335.png,Normal
336,Seviper,336.png,Poison
337,Lunatone,337.png,Rock/Psychic
338,Solrock,338.png,Rock/Psychic
339,Barboach,339.png,Water/Ground
34,Nidoking,34.png,Poison/Ground
340,Whiscash,340.png,Water/Ground
341,Corphish,341.png,Water
342,Crawdaunt,342.png,Dark/Water
343,Baltoy,343.png,Psychic/Ground
344,Claydol,344.png,Psychic/Ground
345,Lileep,345.png,Rock/Grass
346,Cradily,346.png,Rock/Grass
347,Anorith,347.png,Rock/Bug
348,Armaldo,348.png,Rock/Bug
349,Feebas,349.png,Water
35,Clefairy,35.png,Fairy
350,Milotic,350.png,Water
351,Castform,351-rainy.png,Ice/Normal/Fire/Water
351,Castform,351-snowy.png,Ice/Normal/Fire/Water
351,Castform,351-sunny.png,Ice/Normal/Fire/Water
351,Castform,351.png,Ice/Normal/Fire/Water
352,Kecleon,352.png,Normal
353,Shuppet,353.png,Ghost
354,Banette,354-mega.png,Ghost
354,Banette,354.png,Ghost
355,Duskull,355.png,Ghost
356,Dusclops,356.png,Ghost
357,Tropius,357.png,Flying/Grass
358,Chimecho,358.png,Psychic
359,Absol,359-mega.png,Dark
359,Absol,359.png,Dark
36,Clefable,36.png,Fairy
360,Wynaut,360.png,Psychic
361,Snorunt,361.png,Ice
362,Glalie,362-mega.png,Ice
362,Glalie,362.png,Ice
363,Spheal,363.png,Ice/Water
364,Sealeo,364.png,Ice/Water
365,Walrein,365.png,Ice/Water
366,Clamperl,366.png,Water
367,Huntail,367.png,Water
368,Gorebyss,368.png,Water
369,Relicanth,369.png,Rock/Water
37,Vulpix,37.png,Ice/Fire
370,Luvdisc,370.png,Water
371,Bagon,371.png,Dragon
372,Shelgon,372.png,Dragon
373,Salamence,373-mega.png,Flying/Dragon
373,Salamence,373.png,Flying/Dragon
374,Beldum,374.png,Psychic/Steel
375,Metang,375.png,Psychic/Steel
376,Metagross,376-mega.png,Psychic/Steel
376,Metagross,376.png,Psychic/Steel
377,Regirock,377.png,Rock
378,Regice,378.png,Ice
379,Registeel,379.png,Steel
38,Ninetales,38.png,Ice/Fire/Fairy
380,Latias,380-mega.png,Psychic/Dragon
380,Latias,380.png,Psychic/Dragon
381,Latios,381-mega.png,Psychic/Dragon
381,Latios,381.png,Psychic/Dragon
382,Kyogre,382-primal.png,Water
382,Kyogre,382.png,Water
383,Groudon,383-primal.png,Ground
383,Groudon,383.png,Ground
384,Rayquaza,384-mega.png,Flying/Dragon
384,Rayquaza,384.png,Flying/Dragon
385,Jirachi,385.png,Psychic/Steel
386,Deoxys,386-attack.png,Psychic
386,Deoxys,386-defense.png,Psychic
386,Deoxys,386-normal.png,Psychic
386,Deoxys,386-speed.png,Psychic
386,Deoxys,386.png,Psychic
387,Turtwig,387.png,Grass
388,Grotle,388.png,Grass
389,Torterra,389.png,Grass/Ground
39,Jigglypuff,39.png,Normal/Fairy
390,Chimchar,390.png,Fire
391,Monferno,391.png,Fire/Fighting
392,Infernape,392.png,Fire/Fighting
393,Piplup,393.png,Water
394,Prinplup,394.png,Water
395,Empoleon,395.png,Steel/Water
396,Starly,396.png,Flying/Normal
397,Staravia,397.png,Flying/Normal
398,Staraptor,398.png,Flying/Normal
399,Bidoof,399.png,Normal
4,Charmander,4.png,Fire
40,Wigglytuff,40.png,Normal/Fairy
400,Bibarel,400.png,Normal/Water
401,Kricketot,401.png,Bug
402,Kricketune,402.png,Bug
403,Shinx,403.png,Electric
404,Luxio,404.png,Electric
405,Luxray,405.png,Electric
406,Budew,406.png,Poison/Grass
407,Roserade,407.png,Poison/Grass
408,Cranidos,408.png,Rock
409,Rampardos,409.png,Rock
41,Zubat,41.png,Poison/Flying
410,Shieldon,410.png,Rock/Steel
411,Bastiodon,411.png,Rock/Steel
412,Burmy,412-plant.png,Bug
412,Burmy,412-sandy.png,Bug
412,Burmy,412-trash.png,Bug
412,Burmy,412.png,Bug
413,Wormadam,413-plant.png,Bug/Steel/Grass/Ground
413,Wormadam,413-sandy.png,Bug/Steel/Grass/Ground
413,Wormadam,413-trash.png,Bug/Steel/Grass/Ground
413,Wormadam,413.png,Bug/Steel/Grass/Ground
414,Mothim,414-plant.png,Flying/Bug
414,Mothim,414.png,Flying/Bug
415,Combee,415.png,Flying/Bug
416,Vespiquen,416.png,Flying/Bug
417,Pachirisu,417.png,Electric
418,Buizel,418.png,Water
419,Floatzel,419.png,Water
42,Golbat,42.png,Poison/Flying
420,Cherubi,420.png,Grass
421,Cherrim,421-overcast.png,Grass
421,Cherrim,421-sunshine.png,Grass
421,Cherrim,421.png,Grass
422,Shellos,422-east.png,Water
422,Shellos,422-west.png,Water
422,Shellos,422.png,Water
423,Gastrodon,423-east.png,Water/Ground
423,Gastrodon,423-west.png,Water/Ground
423,Gastrodon,423.png,Water/Ground
424,Ambipom,424.png,Normal
425,Drifloon,425.png,Flying/Ghost
426,Drifblim,426.png,Flying/Ghost
427,Buneary,427.png,Normal
428,Lopunny,428-mega.png,Normal
428,Lopunny,428.png,Normal
429,Mismagius,429.png,Ghost
43,Oddish,43.png,Poison/Grass
430,Honchkrow,430.png,Flying/Dark
431,Glameow,431.png,Normal
432,Purugly,432.png,Normal
433,Chingling,433.png,Psychic
434,Stunky,434.png,Poison/Dark
435,Skuntank,435.png,Poison/Dark
436,Bronzor,436.png,Psychic/Steel
437,Bronzong,437.png,Psychic/Steel
438,Bonsly,438.png,Rock
439,Mime Jr.,439.png,Psychic/Fairy
44,Gloom,44.png,Poison/Grass
440,Happiny,440.png,Normal
441,Chatot,441.png,Flying/Normal
442,Spiritomb,442.png,Ghost/Dark
443,Gible,443.png,Dragon/Ground
444,Gabite,444.png,Dragon/Ground
445,Garchomp,445-mega.png,Dragon/Ground
445,Garchomp,445.png,Dragon/Ground
446,Munchlax,446.png,Normal
447,Riolu,447.png,Fighting
448,Lucario,448-mega.png,Steel/Fighting
448,Lucario,448.png,Steel/Fighting
449,Hippopotas,449.png,Ground
45,Vileplume,45.png,Poison/Grass
450,Hippowdon,450.png,Ground
451,Skorupi,451.png,Poison/Bug
452,Drapion,452.png,Poison/Dark
453,Croagunk,453.png,Poison/Fighting
454,Toxicroak,454.png,Poison/Fighting
455,Carnivine,455.png,Grass
456,Finneon,456.png,Water
457,Lumineon,457.png,Water
458,Mantyke,458.png,Flying/Water
459,Snover,459.png,Ice/Grass
46,Paras,46.png,Bug/Grass
460,Abomasnow,460-mega.png,Ice/Grass
460,Abomasnow,460.png,Ice/Grass
461,Weavile,461.png,Ice/Dark
462,Magnezone,462.png,Steel/Electric
463,Lickilicky,463.png,Normal
464,Rhyperior,464.png,Rock/Ground
465,Tangrowth,465.png,Grass
466,Electivire,466.png,Electric
467,Magmortar,467.png,Fire
468,Togekiss,468.png,Flying/Fairy
469,Yanmega,469.png,Flying/Bug
47,Parasect,47.png,Bug/Grass
470,Leafeon,470.png,Grass
471,Glaceon,471.png,Ice
472,Gliscor,472.png,Flying/Ground
473,Mamoswine,473.png,Ice/Ground
474,Porygon-Z,474.png,Normal
475,Gallade,475-mega.png,Psychic/Fighting
475,Gallade,475.png,Psychic/Fighting
476,Probopass,476.png,Rock/Steel
477,Dusknoir,477.png,Ghost
478,Froslass,478.png,Ice/Ghost
479,Rotom,479-fan.png,Flying/Ice/Ghost/Fire/Water/Electric/Grass
479,Rotom,479-frost.png,Flying/Ice/Ghost/Fire/Water/Electric/Grass
479,Rotom,479-heat.png,Flying/Ice/Ghost/Fire/Water/Electric/Grass
479,Rotom,479-mow.png,Flying/Ice/Ghost/Fire/Water/Electric/Grass
479,Rotom,479-wash.png,Flying/Ice/Ghost/Fire/Water/Electric/Grass
479,Rotom,479.png,Flying/Ice/Ghost/Fire/Water/Electric/Grass
48,Venonat,48.png,Poison/Bug
480,Uxie,480.png,Psychic
481,Mesprit,481.png,Psychic
482,Azelf,482.png,Psychic
483,Dialga,483.png,Dragon/Steel
484,Palkia,484.png,Dragon/Water
485,Heatran,485.png,Steel/Fire
486,Regigigas,486.png,Normal
487,Giratina,487-altered.png,Ghost/Dragon
487,Giratina,487-origin.png,Ghost/Dragon
487,Giratina,487.png,Ghost/Dragon
488,Cresselia,488.png,Psychic
489,Phione,489.png,Water
49,Venomoth,49.png,Poison/Bug
490,Manaphy,490.png,Water
491,Darkrai,491.png,Dark
492,Shaymin,492-land.png,Flying/Grass
492,Shaymin,492-sky.png,Flying/Grass
492,Shaymin,492.png,Flying/Grass
493,Arceus,493-bug.png,Normal
493,Arceus,493-dark.png,Normal
493,Arceus,493-dragon.png,Normal
493,Arceus,493-electric.png,Normal
493,Arceus,493-fairy.png,Normal
493,Arceus,493-fighting.png,Normal
493,Arceus,493-fire.png,Normal
493,Arceus,493-flying.png,Normal
493,Arceus,493-ghost.png,Normal
493,Arceus,493-grass.png,Normal
493,Arceus,493-ground.png,Normal
493,Arceus,493-ice.png,Normal
493,Arceus,493-normal.png,Normal
493,Arceus,493-poison.png,Normal
493,Arceus,493-psychic.png,Normal
493,Arceus,493-rock.png,Normal
493,Arceus,493-steel.png,Normal
493,Arceus,493-unknown.png,Normal
493,Arceus,493-water.png,Normal
493,Arceus,493.png,Normal
494,Victini,494.png,Psychic/Fire
495,Snivy,495.png,Grass
496,Servine,496.png,Grass
497,Serperior,497.png,Grass
498,Tepig,498.png,Fire
499,Pignite,499.png,Fire/Fighting
5,Charmeleon,5.png,Fire
50,Diglett,50.png,Steel/Ground
500,Emboar,500.png,Fire/Fighting
501,Oshawott,501.png,Water
502,Dewott,502.png,Water
503,Samurott,503.png,Water
504,Patrat,504.png,Normal
505,Watchog,505.png,Normal
506,Lillipup,506.png,Normal
507,Herdier,507.png,Normal
508,Stoutland,508.png,Normal
509,Purrloin,509.png,Dark
51,Dugtrio,51.png,Steel/Ground
510,Liepard,510.png,Dark
511,Pansage,511.png,Grass
512,Simisage,512.png,Grass
513,Pansear,513.png,Fire
514,Simisear,514.png,Fire
515,Panpour,515.png,Water
516,Simipour,516.png,Water
517,Munna,517.png,Psychic
518,Musharna,518.png,Psychic
519,Pidove,519.png,Flying/Normal
52,Meowth,52.png,Dark/Steel/Normal
520,Tranquill,520.png,Flying/Normal
521,Unfezant,521.png,Flying/Normal
522,Blitzle,522.png,Electric
523,Zebstrika,523.png,Electric
524,Roggenrola,524.png,Rock
525,Boldore,525.png,Rock
526,Gigalith,526.png,Rock
527,Woobat,527.png,Flying/Psychic
528,Swoobat,528.png,Flying/Psychic
529,Drilbur,529.png,Ground
53,Persian,53.png,Dark/Normal
530,Excadrill,530.png,Steel/Ground
531,Audino,531-mega.png,Normal
531,Audino,531.png,Normal
532,Timburr,532.png,Fighting
533,Gurdurr,533.png,Fighting
534,Conkeldurr,534.png,Fighting
535,Tympole,535.png,Water
536,Palpitoad,536.png,Water/Ground
537,Seismitoad,537.png,Water/Ground
538,Throh,538.png,Fighting
539,Sawk,539.png,Fighting
54,Psyduck,54.png,Water
540,Sewaddle,540.png,Bug/Grass
541,Swadloon,541.png,Bug/Grass
542,Leavanny,542.png,Bug/Grass
543,Venipede,543.png,Poison/Bug
544,Whirlipede,544.png,Poison/Bug
545,Scolipede,545.png,Poison/Bug
546,Cottonee,546.png,Fairy/Grass
547,Whimsicott,547.png,Fairy/Grass
548,Petilil,548.png,Grass
549,Lilligant,549.png,Grass
55,Golduck,55.png,Water
550,Basculin,550-blue-striped.png,Water
550,Basculin,550-red-striped.png,Water
550,Basculin,550.png,Water
551,Sandile,551.png,Dark/Ground
552,Krokorok,552.png,Dark/Ground
553,Krookodile,553.png,Dark/Ground
554,Darumaka,554.png,Ice/Fire
555,Darmanitan,555-standard.png,Ice/Psychic/Fire
555,Darmanitan,555-zen.png,Ice/Psychic/Fire
555,Darmanitan,555.png,Ice/Psychic/Fire
556,Maractus,556.png,Grass
557,Dwebble,557.png,Rock/Bug
558,Crustle,558.png,Rock/Bug
559,Scraggy,559.png,Dark/Fighting
56,Mankey,56.png,Fighting
560,Scrafty,560.png,Dark/Fighting
561,Sigilyph,561.png,Flying/Psychic
562,Yamask,562.png,Ghost/Ground
563,Cofagrigus,563.png,Ghost
564,Tirtouga,564.png,Rock/Water
565,Carracosta,565.png,Rock/Water
566,Archen,566.png,Flying/Rock
567,Archeops,567.png,Flying/Rock
568,Trubbish,568.png,Poison
569,Garbodor,569.png,Poison
57,Primeape,57.png,Fighting
570,Zorua,570.png,Dark
571,Zoroark,571.png,Dark
572,Minccino,572.png,Normal
573,Cinccino,573.png,Normal
574,Gothita,574.png,Psychic
575,Gothorita,575.png,Psychic
576,Gothitelle,576.png,Psychic
577,Solosis,577.png,Psychic
578,Duosion,578.png,Psychic
579,Reuniclus,579.png,Psychic
58,Growlithe,58.png,Fire
580,Ducklett,580.png,Flying/Water
581,Swanna,581.png,Flying/Water
582,Vanillite,582.png,Ice
583,Vanillish,583.png,Ice
584,Vanilluxe,584.png,Ice
585,Deerling,585-autumn.png,Normal/Grass
585,Deerling,585-spring.png,Normal/Grass
585,Deerling,585-summer.png,Normal/Grass
585,Deerling,585-winter.png,Normal/Grass
585,Deerling,585.png,Normal/Grass
586,Sawsbuck,586-autumn.png,Normal/Grass
586,Sawsbuck,586-spring.png,Normal/Grass
586,Sawsbuck,586-summer.png,Normal/Grass
586,Sawsbuck,586-winter.png,Normal/Grass
586,Sawsbuck,586.png,Normal/Grass
587,Emolga,587.png,Flying/Electric
588,Karrablast,588.png,Bug
589,Escavalier,589.png,Bug/Steel
59,Arcanine,59.png,Fire
590,Foongus,590.png,Poison/Grass
591,Amoonguss,591.png,Poison/Grass
592,Frillish,592.png,Ghost/Water
593,Jellicent,593.png,Ghost/Water
594,Alomomola,594.png,Water
595,Joltik,595.png,Bug/Electric
596,Galvantula,596.png,Bug/Electric
597,Ferroseed,597.png,Steel/Grass
598,Ferrothorn,598.png,Steel/Grass
599,Klink,599.png,Steel
6,Charizard,6-mega-x.png,Flying/Fire
6,Charizard,6-mega-y.png,Flying/Fire
6,Charizard,6.png,Flying/Fire
60,Poliwag,60.png,Water
600,Klang,600.png,Steel
601,Klinklang,601.png,Steel
602,Tynamo,602.png,Electric
603,Eelektrik,603.png,Electric
604,Eelektross,604.png,Electric
605,Elgyem,605.png,Psychic
606,Beheeyem,606.png,Psychic
607,Litwick,607.png,Ghost/Fire
608,Lampent,608.png,Ghost/Fire
609,Chandelure,609.png,Ghost/Fire
61,Poliwhirl,61.png,Water
610,Axew,610.png,Dragon
611,Fraxure,611.png,Dragon
612,Haxorus,612.png,Dragon
613,Cubchoo,613.png,Ice
614,Beartic,614.png,Ice
615,Cryogonal,615.png,Ice
616,Shelmet,616.png,Bug
617,Accelgor,617.png,Bug
618,Stunfisk,618.png,Steel/Electric/Ground
619,Mienfoo,619.png,Fighting
62,Poliwrath,62.png,Fighting/Water
620,Mienshao,620.png,Fighting
621,Druddigon,621.png,Dragon
622,Golett,622.png,Ghost/Ground
623,Golurk,623.png,Ghost/Ground
624,Pawniard,624.png,Dark/Steel
625,Bisharp,625.png,Dark/Steel
626,Bouffalant,626.png,Normal
627,Rufflet,627.png,Flying/Normal
628,Braviary,628.png,Flying/Normal
629,Vullaby,629.png,Flying/Dark
63,Abra,63.png,Psychic
630,Mandibuzz,630.png,Flying/Dark
631,Heatmor,631.png,Fire
632,Durant,632.png,Bug/Steel
633,Deino,633.png,Dark/Dragon
634,Zweilous,634.png,Dark/Dragon
635,Hydreigon,635.png,Dark/Dragon
636,Larvesta,636.png,Bug/Fire
637,Volcarona,637.png,Bug/Fire
638,Cobalion,638.png,Steel/Fighting
639,Terrakion,639.png,Rock/Fighting
64,Kadabra,64.png,Psychic
640,Virizion,640.png,Fighting/Grass
641,Tornadus,641-incarnate.png,Flying
641,Tornadus,641-therian.png,Flying
641,Tornadus,641.png,Flying
642,Thundurus,642-incarnate.png,Flying/Electric
642,Thundurus,642-therian.png,Flying/Electric
642,Thundurus,642.png,Flying/Electric
643,Reshiram,643.png,Dragon/Fire
644,Zekrom,644.png,Dragon/Electric
645,Landorus,645-incarnate.png,Flying/Ground
645,Landorus,645-therian.png,Flying/Ground
645,Landorus,645.png,Flying/Ground
646,Kyurem,646-black.png,Ice/Dragon
646,Kyurem,646-white.png,Ice/Dragon
646,Kyurem,646.png,Ice/Dragon
647,Keldeo,647-ordinary.png,Fighting/Water
647,Keldeo,647-resolute.png,Fighting/Water
647,Keldeo,647.png,Fighting/Water
648,Meloetta,648-aria.png,Normal/Psychic/Fighting
648,Meloetta,648-pirouette.png,Normal/Psychic/Fighting
648,Meloetta,648.png,Normal/Psychic/Fighting
649,Genesect,649-burn.png,Bug/Steel
649,Genesect,649-chill.png,Bug/Steel
649,Genesect,649-douse.png,Bug/Steel
649,Genesect,649-shock.png,Bug/Steel
649,Genesect,649.png,Bug/Steel
65,Alakazam,65-mega.png,Psychic
65,Alakazam,65.png,Psychic
650,Chespin,650.png,Grass
651,Quilladin,651.png,Grass
652,Chesnaught,652.png,Fighting/Grass
653,Fennekin,653.png,Fire
654,Braixen,654.png,Fire
655,Delphox,655.png,Psychic/Fire
656,Froakie,656.png,Water
657,Frogadier,657.png,Water
658,Greninja,658.png,Dark/Water
659,Bunnelby,659.png,Normal
66,Machop,66.png,Fighting
660,Diggersby,660.png,Normal/Ground
661,Fletchling,661.png,Flying/Normal
662,Fletchinder,662.png,Flying/Fire
663,Talonflame,663.png,Flying/Fire
664,Scatterbug,664-icy-snow.png,Bug
664,Scatterbug,664.png,Bug
665,Spewpa,665-icy-snow.png,Bug
665,Spewpa,665.png,Bug
666,Vivillon,666-archipelago.png,Flying/Bug
666,Vivillon,666-continental.png,Flying/Bug
666,Vivillon,666-elegant.png,Flying/Bug
666,Vivillon,666-fancy.png,Flying/Bug
666,Vivillon,666-garden.png,Flying/Bug
666,Vivillon,666-high-plains.png,Flying/Bug
666,Vivillon,666-icy-snow.png,Flying/Bug
666,Vivillon,666-jungle.png,Flying/Bug
666,Vivillon,666-marine.png,Flying/Bug
666,Vivillon,666-meadow.png,Flying/Bug
666,Vivillon,666-modern.png,Flying/Bug
666,Vivillon,666-monsoon.png,Flying/Bug
666,Vivillon,666-ocean.png,Flying/Bug
666,Vivillon,666-poke-ball.png,Flying/Bug
666,Vivillon,666-polar.png,Flying/Bug
666,Vivillon,666-river.png,Flying/Bug
666,Vivillon,666-sandstorm.png,Flying/Bug
666,Vivillon,666-savanna.png,Flying/Bug
666,Vivillon,666-sun.png,Flying/Bug
666,Vivillon,666-tundra.png,Flying/Bug
666,Vivillon,666.png,Flying/Bug
667,Litleo,667.png,Normal/Fire
668,Pyroar,668.png,Normal/Fire
669,FlabÃ©bÃ©,669-blue.png,Fairy
669,FlabÃ©bÃ©,669-orange.png,Fairy
669,FlabÃ©bÃ©,669-red.png,Fairy
669,FlabÃ©bÃ©,669-white.png,Fairy
669,FlabÃ©bÃ©,669-yellow.png,Fairy
669,FlabÃ©bÃ©,669.png,Fairy
67,Machoke,67.png,Fighting
670,Floette,670-blue.png,Fairy
670,Floette,670-eternal.png,Fairy
670,Floette,670-orange.png,Fairy
670,Floette,670-red.png,Fairy
670,Floette,670-white.png,Fairy
670,Floette,670-yellow.png,Fairy
670,Floette,670.png,Fairy
671,Florges,671-blue.png,Fairy
671,Florges,671-orange.png,Fairy
671,Florges,671-red.png,Fairy
671,Florges,671-white.png,Fairy
671,Florges,671-yellow.png,Fairy
671,Florges,671.png,Fairy
672,Skiddo,672.png,Grass
673,Gogoat,673.png,Grass
674,Pancham,674.png,Fighting
675,Pangoro,675.png,Dark/Fighting
676,Furfrou,676-dandy.png,Normal
676,Furfrou,676-debutante.png,Normal
676,Furfrou,676-diamond.png,Normal
676,Furfrou,676-heart.png,Normal
676,Furfrou,676-kabuki.png,Normal
676,Furfrou,676-la-reine.png,Normal
676,Furfrou,676-matron.png,Normal
676,Furfrou,676-natural.png,Normal
676,Furfrou,676-pharaoh.png,Normal
676,Furfrou,676-star.png,Normal
676,Furfrou,676.png,Normal
677,Espurr,677.png,Psychic
678,Meowstic,678-male.png,Psychic
678,Meowstic,678.png,Psychic
679,Honedge,679.png,Ghost/Steel
68,Machamp,68.png,Fighting
680,Doublade,680.png,Ghost/Steel
681,Aegislash,681-blade.png,Ghost/Steel
681,Aegislash,681-shield.png,Ghost/Steel
681,Aegislash,681.png,Ghost/Steel
682,Spritzee,682.png,Fairy
683,Aromatisse,683.png,Fairy
684,Swirlix,684.png,Fairy
685,Slurpuff,685.png,Fairy
686,Inkay,686.png,Psychic/Dark
687,Malamar,687.png,Psychic/Dark
688,Binacle,688.png,Rock/Water
689,Barbaracle,689.png,Rock/Water
69,Bellsprout,69.png,Poison/Grass
690,Skrelp,690.png,Poison/Water
691,Dragalge,691.png,Poison/Dragon
692,Clauncher,692.png,Water
693,Clawitzer,693.png,Water
694,Helioptile,694.png,Normal/Electric
695,Heliolisk,695.png,Normal/Electric
696,Tyrunt,696.png,Rock/Dragon
697,Tyrantrum,697.png,Rock/Dragon
698,Amaura,698.png,Ice/Rock
699,Aurorus,699.png,Ice/Rock
7,Squirtle,7.png,Water
70,Weepinbell,70.png,Poison/Grass
700,Sylveon,700.png,Fairy
701,Hawlucha,701.png,Flying/Fighting
702,Dedenne,702.png,Fairy/Electric
703,Carbink,703.png,Rock/Fairy
704,Goomy,704.png,Dragon
705,Sliggoo,705.png,Dragon
706,Goodra,706.png,Dragon
707,Klefki,707.png,Steel/Fairy
708,Phantump,708.png,Ghost/Grass
709,Trevenant,709.png,Ghost/Grass
71,Victreebel,71.png,Poison/Grass
710,Pumpkaboo,710-average.png,Ghost/Grass
710,Pumpkaboo,710-large.png,Ghost/Grass
710,Pumpkaboo,710-small.png,Ghost/Grass
710,Pumpkaboo,710-super.png,Ghost/Grass
710,Pumpkaboo,710.png,Ghost/Grass
711,Gourgeist,711-average.png,Ghost/Grass
711,Gourgeist,711-large.png,Ghost/Grass
711,Gourgeist,711-small.png,Ghost/Grass
711,Gourgeist,711-super.png,Ghost/Grass
711,Gourgeist,711.png,Ghost/Grass
712,Bergmite,712.png,Ice
713,Avalugg,713.png,Ice
714,Noibat,714.png,Flying/Dragon
715,Noivern,715.png,Flying/Dragon
716,Xerneas,716-active.png,Fairy
716,Xerneas,716-neutral.png,Fairy
716,Xerneas,716.png,Fairy
717,Yveltal,717.png,Flying/Dark
718,Zygarde,718.png,Dragon/Ground
719,Diancie,719-mega.png,Rock/Fairy
719,Diancie,719.png,Rock/Fairy
72,Tentacool,72.png,Poison/Water
720,Hoopa,720-unbound.png,Psychic/Ghost/Dark
720,Hoopa,720.png,Psychic/Ghost/Dark
721,Volcanion,721.png,Fire/Water
722,Rowlet,722.png,Flying/Grass
723,Dartrix,723.png,Flying/Grass
724,Decidueye,724.png,Ghost/Grass
725,Litten,725.png,Fire
726,Torracat,726.png,Fire
727,Incineroar,727.png,Dark/Fire
728,Popplio,728.png,Water
729,Brionne,729.png,Water
73,Tentacruel,73.png,Poison/Water
730,Primarina,730.png,Fairy/Water
731,Pikipek,731.png,Flying/Normal
732,Trumbeak,732.png,Flying/Normal
733,Toucannon,733.png,Flying/Normal
734,Yungoos,734.png,Normal
735,Gumshoos,735.png,Normal
736,Grubbin,736.png,Bug
737,Charjabug,737.png,Bug/Electric
738,Vikavolt,738.png,Bug/Electric
739,Crabrawler,739.png,Fighting
74,Geodude,74.png,Rock/Electric/Ground
740,Crabominable,740.png,Ice/Fighting
741,Oricorio,741-baile.png,Flying/Ghost/Fire/Psychic/Electric
741,Oricorio,741.png,Flying/Ghost/Fire/Psychic/Electric
742,Cutiefly,742.png,Bug/Fairy
743,Ribombee,743.png,Bug/Fairy
744,Rockruff,744.png,Rock
745,Lycanroc,745-midday.png,Rock
745,Lycanroc,745.png,Rock
746,Wishiwashi,746-solo.png,Water
746,Wishiwashi,746.png,Water
747,Mareanie,747.png,Poison/Water
748,Toxapex,748.png,Poison/Water
749,Mudbray,749.png,Ground
75,Graveler,75.png,Rock/Electric/Ground
750,Mudsdale,750.png,Ground
751,Dewpider,751.png,Bug/Water
752,Araquanid,752.png,Bug/Water
753,Fomantis,753.png,Grass
754,Lurantis,754.png,Grass
755,Morelull,755.png,Fairy/Grass
756,Shiinotic,756.png,Fairy/Grass
757,Salandit,757.png,Poison/Fire
758,Salazzle,758.png,Poison/Fire
759,Stufful,759.png,Normal/Fighting
76,Golem,76.png,Rock/Electric/Ground
760,Bewear,760.png,Normal/Fighting
761,Bounsweet,761.png,Grass
762,Steenee,762.png,Grass
763,Tsareena,763.png,Grass
764,Comfey,764.png,Fairy
765,Oranguru,765.png,Psychic/Normal
766,Passimian,766.png,Fighting
767,Wimpod,767.png,Bug/Water
768,Golisopod,768.png,Bug/Water
769,Sandygast,769.png,Ghost/Ground
77,Ponyta,77.png,Psychic/Fire
770,Palossand,770.png,Ghost/Ground
771,Pyukumuku,771.png,Water
772,Type: Null,772.png,Normal
773,Silvally,773-bug.png,Normal
773,Silvally,773-dark.png,Normal
773,Silvally,773-dragon.png,Normal
773,Silvally,773-electric.png,Normal
773,Silvally,773-fairy.png,Normal
773,Silvally,773-fighting.png,Normal
773,Silvally,773-fire.png,Normal
773,Silvally,773-flying.png,Normal
773,Silvally,773-ghost.png,Normal
773,Silvally,773-grass.png,Normal
773,Silvally,773-ground.png,Normal
773,Silvally,773-ice.png,Normal
773,Silvally,773-normal.png,Normal
773,Silvally,773-poison.png,Normal
773,Silvally,773-psychic.png,Normal
773,Silvally,773-rock.png,Normal
773,Silvally,773-steel.png,Normal
773,Silvally,773-water.png,Normal
773,Silvally,773.png,Normal
774,Minior,774-red-meteor.png,Flying/Rock
774,Minior,774.png,Flying/Rock
775,Komala,775-form-1.png,Normal
775,Komala,775.png,Normal
776,Turtonator,776.png,Dragon/Fire
777,Togedemaru,777.png,Steel/Electric
778,Mimikyu,778-disguised.png,Ghost/Fairy
778,Mimikyu,778.png,Ghost/Fairy
779,Bruxish,779.png,Psychic/Water
78,Rapidash,78.png,Psychic/Fire/Fairy
780,Drampa,780.png,Dragon/Normal
781,Dhelmise,781.png,Ghost/Grass
782,Jangmo-o,782.png,Dragon
783,Hakamo-o,783.png,Dragon/Fighting
784,Kommo-o,784-totem.png,Dragon/Fighting
784,Kommo-o,784.png,Dragon/Fighting
785,Tapu Koko,785.png,Fairy/Electric
786,Tapu Lele,786.png,Psychic/Fairy
787,Tapu Bulu,787.png,Fairy/Grass
788,Tapu Fini,788.png,Fairy/Water
789,Cosmog,789.png,Psychic
79,Slowpoke,79.png,Psychic/Water
790,Cosmoem,790.png,Psychic
791,Solgaleo,791.png,Psychic/Steel
792,Lunala,792.png,Psychic/Ghost
793,Nihilego,793.png,Poison/Rock
794,Buzzwole,794.png,Bug/Fighting
795,Pheromosa,795.png,Bug/Fighting
796,Xurkitree,796.png,Electric
797,Celesteela,797.png,Flying/Steel
798,Kartana,798.png,Steel/Grass
799,Guzzlord,799.png,Dark/Dragon
8,Wartortle,8.png,Water
80,Slowbro,80-mega.png,Poison/Psychic/Water
80,Slowbro,80.png,Poison/Psychic/Water
800,Necrozma,800.png,Psychic
801,Magearna,801.png,Steel/Fairy
802,Marshadow,802.png,Ghost/Fighting
803,Poipole,803.png,Poison
804,Naganadel,804.png,Poison/Dragon
804,Naganadel,804s.png,Poison/Dragon
805,Stakataka,805.png,Rock/Steel
806,Blacephalon,806.png,Ghost/Fire
807,Zeraora,807.png,Electric
808,Meltan,808.png,Steel
809,Melmetal,809.png,Steel
81,Magnemite,81.png,Steel/Electric
810,Grookey,810.png,Grass
811,Thwackey,811.png,Grass
812,Rillaboom,812.png,Grass
813,Scorbunny,813.png,Fire
814,Raboot,814.png,Fire
815,Cinderace,815.png,Fire
816,Sobble,816.png,Water
817,Drizzile,817.png,Water
818,Inteleon,818.png,Water
819,Skwovet,819.png,Normal
82,Magneton,82.png,Steel/Electric
820,Greedent,820.png,Normal
821,Rookidee,821.png,Flying
822,Corvisquire,822.png,Flying
823,Corviknight,823.png,Flying/Steel
824,Blipbug,824.png,Bug
825,Dottler,825.png,Psychic/Bug
826,Orbeetle,826.png,Psychic/Bug
827,Nickit,827.png,Dark
828,Thievul,828.png,Dark
829,Gossifleur,829.png,Grass
83,Farfetch'd,83.png,Flying/Normal/Fighting
830,Eldegoss,830.png,Grass
831,Wooloo,831.png,Normal
832,Dubwool,832.png,Normal
833,Chewtle,833.png,Water
834,Drednaw,834.png,Rock/Water
835,Yamper,835.png,Electric
836,Boltund,836.png,Electric
837,Rolycoly,837.png,Rock
838,Carkol,838.png,Rock/Fire
839,Coalossal,839.png,Rock/Fire
84,Doduo,84.png,Flying/Normal
840,Applin,840.png,Dragon/Grass
841,Flapple,841.png,Dragon/Grass
842,Appletun,842.png,Dragon/Grass
843,Silicobra,843.png,Ground
844,Sandaconda,844.png,Ground
845,Cramorant,845.png,Flying/Water
846,Arrokuda,846.png,Water
847,Barraskewda,847.png,Water
848,Toxel,848.png,Poison/Electric
849,Toxtricity,849.png,Poison/Electric
85,Dodrio,85.png,Flying/Normal
850,Sizzlipede,850.png,Bug/Fire
851,Centiskorch,851.png,Bug/Fire
852,Clobbopus,852.png,Fighting
853,Grapploct,853.png,Fighting
854,Sinistea,854.png,Ghost
855,Polteageist,855.png,Ghost
856,Hatenna,856.png,Psychic
857,Hattrem,857.png,Psychic
858,Hatterene,858.png,Psychic/Fairy
859,Impidimp,859.png,Dark/Fairy
86,Seel,86.png,Water
860,Morgrem,860.png,Dark/Fairy
861,Grimmsnarl,861.png,Dark/Fairy
862,Obstagoon,862.png,Dark/Normal
863,Perrserker,863.png,Steel
864,Cursola,864.png,Ghost
865,Sirfetch'd,865.png,Fighting
866,Mr. Rime,866.png,Ice/Psychic
867,Runerigus,867.png,Ghost/Ground
868,Milcery,868.png,Fairy
869,Alcremie,869-gmax.png,Fairy
869,Alcremie,869.png,Fairy
87,Dewgong,87.png,Ice/Water
870,Falinks,870.png,Fighting
871,Pincurchin,871.png,Electric
872,Snom,872.png,Ice/Bug
873,Frosmoth,873.png,Ice/Bug
874,Stonjourner,874.png,Rock
875,Eiscue,875.png,Ice
876,Indeedee,876.png,Psychic/Normal
877,Morpeko,877.png,Dark/Electric
878,Cufant,878.png,Steel
879,Copperajah,879.png,Steel
88,Grimer,88.png,Poison/Dark
880,Dracozolt,880.png,Dragon/Electric
881,Arctozolt,881.png,Ice/Electric
882,Dracovish,882.png,Dragon/Water
883,Arctovish,883.png,Ice/Water
884,Duraludon,884.png,Dragon/Steel
885,Dreepy,885.png,Ghost/Dragon
886,Drakloak,886.png,Ghost/Dragon
887,Dragapult,887.png,Ghost/Dragon
888,Zacian,888.png,Steel/Fairy
889,Zamazenta,889.png,Steel/Fighting
89,Muk,89.png,Poison/Dark
890,Eternatus,890.png,Poison/Dragon
891,Kubfu,891.png,Fighting
892,Urshifu,892.png,Dark/Fighting/Water
893,Zarude,893.png,Dark/Grass
894,Regieleki,894.png,Electric
895,Regidrago,895.png,Dragon
896,Glastrier,896.png,Ice
897,Spectrier,897.png,Ghost
898,Calyrex,898.png,Psychic/Grass
9,Blastoise,9-mega.png,Water
9,Blastoise,9.png,Water
90,Shellder,90.png,Water
91,Cloyster,91.png,Ice/Water
92,Gastly,92.png,Poison/Ghost
93,Haunter,93.png,Poison/Ghost
94,Gengar,94-mega.png,Poison/Ghost
94,Gengar,94.png,Poison/Ghost
95,Onix,95.png,Rock/Ground
96,Drowzee,96.png,Psychic
97,Hypno,97.png,Psychic
98,Krabby,98.png,Water
99,Kingler,99.png,Water
